{
    "events": [
        {
            "intervals": [
                0.124965809,
                0.100039429,
                0.105441831,
                0.110504207,
                0.076359079,
                0.103639474,
                0.127063079,
                0.107948474,
                0.116574931,
                0.244424886,
                0.067618907,
                0.158641867,
                0.077791412
            ]
        },
        {
            "intervals": [
                2.731640619,
                0.108359074,
                0.161000536,
                0.188624938,
                0.13596101,
                0.149487106,
                0.147009836,
                0.055687312,
                0.115409894,
                0.107386218,
                0.080104698,
                0.085097216,
                0.06799153,
                0.122430133
            ]
        },
        {
            "intervals": [
                2.534064449,
                0.093313976
            ]
        }
    ]
}